-- phpMyAdmin SQL Dump
-- version 4.5.1
-- http://www.phpmyadmin.net
--
-- Host: 127.0.0.1
-- Generation Time: 09 Mar 2019 pada 08.43
-- Versi Server: 10.1.13-MariaDB
-- PHP Version: 5.6.20

SET SQL_MODE = "NO_AUTO_VALUE_ON_ZERO";
SET time_zone = "+00:00";


/*!40101 SET @OLD_CHARACTER_SET_CLIENT=@@CHARACTER_SET_CLIENT */;
/*!40101 SET @OLD_CHARACTER_SET_RESULTS=@@CHARACTER_SET_RESULTS */;
/*!40101 SET @OLD_COLLATION_CONNECTION=@@COLLATION_CONNECTION */;
/*!40101 SET NAMES utf8mb4 */;

--
-- Database: `kasir`
--

-- --------------------------------------------------------

--
-- Struktur dari tabel `detail_order`
--

CREATE TABLE `detail_order` (
  `id_detail_order` int(11) NOT NULL,
  `id_order` int(11) NOT NULL,
  `id_masakan` int(11) NOT NULL,
  `jumlah` int(11) NOT NULL,
  `keterangan` varchar(50) NOT NULL,
  `status_detail_order` varchar(30) NOT NULL
) ENGINE=InnoDB DEFAULT CHARSET=latin1;

--
-- Dumping data untuk tabel `detail_order`
--

INSERT INTO `detail_order` (`id_detail_order`, `id_order`, `id_masakan`, `jumlah`, `keterangan`, `status_detail_order`) VALUES
(125, 93, 17, 2, 'uiuiui', 'Y'),
(126, 93, 18, 1, 'iuiuiuiuiuiuiuiu', 'Y'),
(127, 94, 19, 2, 'jangan pake teh hehehe', 'Y'),
(128, 93, 19, 1, 'hehehee', 'N'),
(129, 94, 16, 1, 'uuu', 'N'),
(130, 93, 18, 1, 'kk', 'N'),
(131, 93, 16, 1, 'mimimimimimimi', 'N'),
(132, 94, 20, 1, 'jangan pake es', 'N'),
(133, 94, 17, 1, 'bubububububububbubububu', 'N'),
(134, 95, 18, 1, 'iuiuiui', 'Y'),
(135, 96, 18, 1, 'mimimimmimii', 'Y'),
(136, 97, 19, 1, 'ooop', 'Y'),
(137, 98, 28, 1, 'jangan pake cabe', 'Y');

-- --------------------------------------------------------

--
-- Struktur dari tabel `kategori`
--

CREATE TABLE `kategori` (
  `id_kategori` int(11) NOT NULL,
  `nama_kategori` varchar(30) NOT NULL
) ENGINE=InnoDB DEFAULT CHARSET=latin1;

--
-- Dumping data untuk tabel `kategori`
--

INSERT INTO `kategori` (`id_kategori`, `nama_kategori`) VALUES
(5, 'Minuman'),
(6, 'Nasi'),
(7, 'Mie');

-- --------------------------------------------------------

--
-- Struktur dari tabel `level`
--

CREATE TABLE `level` (
  `id_level` int(11) NOT NULL,
  `nama_level` varchar(50) NOT NULL
) ENGINE=InnoDB DEFAULT CHARSET=latin1;

--
-- Dumping data untuk tabel `level`
--

INSERT INTO `level` (`id_level`, `nama_level`) VALUES
(1, 'administrator'),
(2, 'waiter'),
(3, 'kasir'),
(4, 'owner'),
(5, 'pelanggan');

-- --------------------------------------------------------

--
-- Struktur dari tabel `masakan`
--

CREATE TABLE `masakan` (
  `id_masakan` int(11) NOT NULL,
  `nama_masakan` varchar(50) NOT NULL,
  `id_kategori` int(11) NOT NULL,
  `jenis` enum('Makanan','Minuman','','') NOT NULL,
  `harga` int(11) NOT NULL,
  `image` varchar(200) NOT NULL,
  `status_masakan` varchar(1) NOT NULL DEFAULT 'N' COMMENT 'N Habis, Y Tersedia'
) ENGINE=InnoDB DEFAULT CHARSET=latin1;

--
-- Dumping data untuk tabel `masakan`
--

INSERT INTO `masakan` (`id_masakan`, `nama_masakan`, `id_kategori`, `jenis`, `harga`, `image`, `status_masakan`) VALUES
(16, 'Mie Aceh', 7, 'Makanan', 15000, 'images_mie_Mie_Aceh_36-mie-aceh-1.jpg', 'Y'),
(17, 'MIe Goreng', 7, 'Makanan', 6000, 'mie-goreng-beef-dan-sosis-foto-resep-utama.jpg', 'Y'),
(18, 'Nasi Goreng', 6, 'Makanan', 15000, '664xauto-cara-membuat-nasi-goreng-1810254.jpg', 'Y'),
(19, 'Teh Manis', 5, 'Minuman', 5000, '057982300_1422864990-mint-tea.jpg', 'Y'),
(20, 'Jus Alpukat', 5, 'Minuman', 10000, 'images.jpeg', 'Y'),
(24, 'Mie Tektek', 7, 'Makanan', 12000, '664xauto-cara-membuat-nasi-goreng-1810254.jpg', 'Y'),
(25, 'Nasi Goreng Ayam', 6, 'Minuman', 17000, '664xauto-cara-membuat-nasi-goreng-1810254.jpg', 'Y'),
(26, 'Nasi Goreng Baso', 6, 'Makanan', 17000, '664xauto-cara-membuat-nasi-goreng-1810254.jpg', 'Y'),
(27, 'Es Teh Manis', 5, 'Minuman', 5000, '057982300_1422864990-mint-tea.jpg', 'Y'),
(28, 'Mie Goreng Rendang', 7, 'Makanan', 7000, 'images_mie_Mie_Aceh_36-mie-aceh-1.jpg', 'Y');

-- --------------------------------------------------------

--
-- Struktur dari tabel `meja`
--

CREATE TABLE `meja` (
  `id_meja` int(11) NOT NULL,
  `no_meja` varchar(15) NOT NULL,
  `status_meja` varchar(30) NOT NULL DEFAULT ''
) ENGINE=InnoDB DEFAULT CHARSET=latin1;

--
-- Dumping data untuk tabel `meja`
--

INSERT INTO `meja` (`id_meja`, `no_meja`, `status_meja`) VALUES
(1, '1', 'penuh'),
(2, '2', 'kosong'),
(3, '3', 'kosong'),
(4, '4', 'kosong'),
(5, '5', 'kosong'),
(6, '6', 'kosong'),
(7, '7', 'kosong');

-- --------------------------------------------------------

--
-- Struktur dari tabel `oder`
--

CREATE TABLE `oder` (
  `id_order` int(11) NOT NULL,
  `no_meja` varchar(50) NOT NULL,
  `tanggal` date NOT NULL,
  `id_user` int(11) NOT NULL,
  `keterangan` varchar(100) NOT NULL,
  `status_order` varchar(1) NOT NULL DEFAULT ''
) ENGINE=InnoDB DEFAULT CHARSET=latin1;

--
-- Dumping data untuk tabel `oder`
--

INSERT INTO `oder` (`id_order`, `no_meja`, `tanggal`, `id_user`, `keterangan`, `status_order`) VALUES
(93, '1', '2019-03-09', 22, '', 'Y'),
(94, '1', '2019-03-09', 22, '', 'Y'),
(95, '1', '2019-03-09', 2, '', 'Y'),
(96, '2', '2019-03-09', 21, '', 'Y'),
(97, '3', '2019-03-09', 2, '', 'Y'),
(98, '5', '2019-03-09', 2, '', 'Y');

-- --------------------------------------------------------

--
-- Struktur dari tabel `recovery_keys`
--

CREATE TABLE `recovery_keys` (
  `rid` int(11) NOT NULL,
  `userID` int(11) NOT NULL,
  `token` varchar(50) NOT NULL,
  `valid` tinyint(4) NOT NULL DEFAULT '1'
) ENGINE=InnoDB DEFAULT CHARSET=latin1;

--
-- Dumping data untuk tabel `recovery_keys`
--

INSERT INTO `recovery_keys` (`rid`, `userID`, `token`, `valid`) VALUES
(1, 1, '94540c8b02feb18a4a522ce664cae561', 1),
(2, 2, 'e436d7893a671386484ff33d110ea959', 1),
(3, 1, 'cbc55f26f476d9183eb33156bd4c922b', 0),
(4, 1, 'ae39191fab140225e8a1a56709f942ad', 0),
(5, 1, '10e3a403ad9d84fef2c21c4b491661fd', 0),
(6, 1, 'de1167383d9a2abd34b44dcc38853a2a', 0),
(7, 1, '98c3ad70246159a7ae8cb2068c43bff3', 0),
(8, 22, '26834a753b67fd16cf909a46dff5d77f', 1),
(9, 22, '9aaca0b76db5edc2b7283f085aee223f', 1),
(10, 22, 'd2b4fc2435977a730ac74d6e96928a17', 1),
(11, 22, 'e25d4d645d9745f89b3df841c23cfbbf', 1),
(12, 22, '5a8f81261232e8c036733c1e43807d57', 1),
(13, 22, 'cb79147c6c63f16985e4372ba33656cd', 1),
(14, 22, 'e3e34dead22603b575d92ad61172ed4d', 1),
(15, 22, 'b23abcd22f948480d8bd04275b969945', 1),
(16, 22, 'ab25db167743ed4839e564ee8b408056', 1),
(17, 22, 'e1e7b4c9db534b42de817da49c12c731', 1),
(18, 22, '6b0428fe24324286b8fd467f298f3e5d', 1),
(19, 22, '73332746584ae0dd0423a8f906626b11', 1),
(20, 22, '404b23fb92a842d68bac466b8dd826be', 0),
(21, 22, '42dafc607d4a97dc725874fda6f897f5', 1),
(22, 22, '451c3b791bc86cc40bfa55a25fce1e00', 1),
(23, 22, 'daf76e15bfeb13330a95203d4b225c26', 0),
(24, 22, '650a4e757cbcad1acb3f0d578b938cfb', 1),
(25, 22, '8b7d7aa7e8a2d50cc6efd4a40b723727', 1),
(26, 22, '1153c31879555d9668ba9eaf1d72e44e', 1),
(27, 22, 'e946b595eab6de99a94e7c7c126f8a0f', 0),
(28, 22, '26fa0e9fb0a71b7b0d48f282d7074a86', 0);

-- --------------------------------------------------------

--
-- Struktur dari tabel `transaksi`
--

CREATE TABLE `transaksi` (
  `id_transaksi` int(11) NOT NULL,
  `id_user` int(11) NOT NULL,
  `id_order` int(11) NOT NULL,
  `tanggal` date NOT NULL,
  `total_bayar` int(12) NOT NULL,
  `keterangan_transaksi` varchar(10) NOT NULL,
  `jumlah_uang` int(11) NOT NULL,
  `kembalian` int(11) NOT NULL
) ENGINE=InnoDB DEFAULT CHARSET=latin1;

--
-- Dumping data untuk tabel `transaksi`
--

INSERT INTO `transaksi` (`id_transaksi`, `id_user`, `id_order`, `tanggal`, `total_bayar`, `keterangan_transaksi`, `jumlah_uang`, `kembalian`) VALUES
(81, 3, 93, '2019-03-09', 27000, 'Y', 64000, 37000),
(82, 3, 94, '2019-03-09', 10000, 'Y', 12000, 2000),
(83, 0, 95, '0000-00-00', 15000, 'N', 0, 0),
(84, 3, 96, '2019-03-09', 15000, 'Y', 17000, 2000),
(85, 22, 97, '2019-03-09', 5000, 'Y', 7000, 2000),
(86, 3, 98, '2019-03-09', 7000, 'Y', 8000, 1000);

-- --------------------------------------------------------

--
-- Struktur dari tabel `user`
--

CREATE TABLE `user` (
  `id_user` int(11) NOT NULL,
  `username` varchar(50) NOT NULL,
  `password` varchar(200) NOT NULL,
  `email` varchar(50) NOT NULL,
  `nama_user` varchar(50) NOT NULL,
  `status` varchar(1) NOT NULL DEFAULT 'N' COMMENT 'N Tidak Aktif, Y sudah Aktif',
  `id_level` int(11) NOT NULL
) ENGINE=InnoDB DEFAULT CHARSET=latin1;

--
-- Dumping data untuk tabel `user`
--

INSERT INTO `user` (`id_user`, `username`, `password`, `email`, `nama_user`, `status`, `id_level`) VALUES
(2, 'waiter', '202cb962ac59075b964b07152d234b70', 'waiter@gmail.com', 'waiter', 'Y', 2),
(3, 'kasir', 'de28f8f7998f23ab4194b51a6029416f', 'asdasdasd@Dasdas.com', 'kasir', 'Y', 3),
(4, 'owner', '5be057accb25758101fa5eadbbd79503', '', 'owner', 'N', 4),
(11, 'pelanggan', '81448138f5f163ccdba4acc69819f280', 'dappp@gmail.com', 'dappp', 'Y', 5),
(20, 'maulana', 'aff4b352312d5569903d88e0e68d3fbb', 'maulana@gmail.com', 'maulana fatullah', 'N', 2),
(21, 'Budi', '00dfc53ee86af02e742515cdcf075ed3', 'budi@gmail.com', 'Budi', 'Y', 5),
(22, 'daviperdiansyah', '250cf8b51c773f3f8dc8b4be867a9a02', 'daviperdiansyah44@gmail.com', 'Davi Perdiansyah', 'Y', 1),
(23, 'kevine', '202cb962ac59075b964b07152d234b70', 'kevine12@gmail.com', 'kevin atami tanos', 'Y', 2),
(25, 'p', '83878c91171338902e0fe0fb97a8c47a', 'p@gmail.com', 'p', 'N', 5),
(26, 'admin', '21232f297a57a5a743894a0e4a801fc3', 'daviperdiansyah44@gmail.com', 'Dav', 'Y', 1),
(27, 'n', '7b8b965ad4bca0e41ab51de7b31363a1', 'n@ygyf', 'n', 'N', 5),
(28, 'i', '865c0c0b4ab0e063e5caa3387c1a8741', 'i@gmail.com', 'i', 'Y', 2),
(29, 'waiter1', '151a6c018a98e6eff4b4387b0a438a44', 'sososos12@gmail.com', 'soso', 'Y', 1);

--
-- Indexes for dumped tables
--

--
-- Indexes for table `detail_order`
--
ALTER TABLE `detail_order`
  ADD PRIMARY KEY (`id_detail_order`),
  ADD KEY `id_order` (`id_order`),
  ADD KEY `id_masakan` (`id_masakan`);

--
-- Indexes for table `kategori`
--
ALTER TABLE `kategori`
  ADD PRIMARY KEY (`id_kategori`);

--
-- Indexes for table `level`
--
ALTER TABLE `level`
  ADD PRIMARY KEY (`id_level`);

--
-- Indexes for table `masakan`
--
ALTER TABLE `masakan`
  ADD PRIMARY KEY (`id_masakan`);

--
-- Indexes for table `meja`
--
ALTER TABLE `meja`
  ADD PRIMARY KEY (`id_meja`);

--
-- Indexes for table `oder`
--
ALTER TABLE `oder`
  ADD PRIMARY KEY (`id_order`),
  ADD KEY `id_user` (`id_user`);

--
-- Indexes for table `recovery_keys`
--
ALTER TABLE `recovery_keys`
  ADD PRIMARY KEY (`rid`);

--
-- Indexes for table `transaksi`
--
ALTER TABLE `transaksi`
  ADD PRIMARY KEY (`id_transaksi`),
  ADD KEY `id_user` (`id_user`),
  ADD KEY `id_order` (`id_order`);

--
-- Indexes for table `user`
--
ALTER TABLE `user`
  ADD PRIMARY KEY (`id_user`),
  ADD KEY `id_level` (`id_level`);

--
-- AUTO_INCREMENT for dumped tables
--

--
-- AUTO_INCREMENT for table `detail_order`
--
ALTER TABLE `detail_order`
  MODIFY `id_detail_order` int(11) NOT NULL AUTO_INCREMENT, AUTO_INCREMENT=138;
--
-- AUTO_INCREMENT for table `kategori`
--
ALTER TABLE `kategori`
  MODIFY `id_kategori` int(11) NOT NULL AUTO_INCREMENT, AUTO_INCREMENT=8;
--
-- AUTO_INCREMENT for table `level`
--
ALTER TABLE `level`
  MODIFY `id_level` int(11) NOT NULL AUTO_INCREMENT, AUTO_INCREMENT=6;
--
-- AUTO_INCREMENT for table `masakan`
--
ALTER TABLE `masakan`
  MODIFY `id_masakan` int(11) NOT NULL AUTO_INCREMENT, AUTO_INCREMENT=29;
--
-- AUTO_INCREMENT for table `meja`
--
ALTER TABLE `meja`
  MODIFY `id_meja` int(11) NOT NULL AUTO_INCREMENT, AUTO_INCREMENT=8;
--
-- AUTO_INCREMENT for table `oder`
--
ALTER TABLE `oder`
  MODIFY `id_order` int(11) NOT NULL AUTO_INCREMENT, AUTO_INCREMENT=99;
--
-- AUTO_INCREMENT for table `recovery_keys`
--
ALTER TABLE `recovery_keys`
  MODIFY `rid` int(11) NOT NULL AUTO_INCREMENT, AUTO_INCREMENT=29;
--
-- AUTO_INCREMENT for table `transaksi`
--
ALTER TABLE `transaksi`
  MODIFY `id_transaksi` int(11) NOT NULL AUTO_INCREMENT, AUTO_INCREMENT=87;
--
-- AUTO_INCREMENT for table `user`
--
ALTER TABLE `user`
  MODIFY `id_user` int(11) NOT NULL AUTO_INCREMENT, AUTO_INCREMENT=30;
/*!40101 SET CHARACTER_SET_CLIENT=@OLD_CHARACTER_SET_CLIENT */;
/*!40101 SET CHARACTER_SET_RESULTS=@OLD_CHARACTER_SET_RESULTS */;
/*!40101 SET COLLATION_CONNECTION=@OLD_COLLATION_CONNECTION */;
